id	output
{"blockNumber":219291165,"chainId":42161,"poolAddress":"0x5711f2aab169d6f83d997008542863606530c5a5"}	{"adminFee": "5000000000"}
{"blockNumber":224108272,"chainId":42161,"poolAddress":"0x16a6746b1ffdb14e8f88e3082f23d956e68ff9da"}	{"adminFee": "5000000000"}
{"blockNumber":227974444,"chainId":42161,"poolAddress":"0xe8ce8988c227cec35c03bef8a899a5673f4eb66e"}	{"adminFee": "5000000000"}
{"blockNumber":225251208,"chainId":42161,"poolAddress":"0xdc2b69aa3c13cab8010b8cc3c4e838b2b005089f"}	{"adminFee": "5000000000"}
{"blockNumber":225517662,"chainId":42161,"poolAddress":"0x0bdad9b3a7aa822c9f846b6490fe526dbdfdda3e"}	{"adminFee": "5000000000"}
{"blockNumber":226298305,"chainId":42161,"poolAddress":"0x4455e524ba0d45a7671b5b705818696d1c0e6cb7"}	{"adminFee": "5000000000"}
{"blockNumber":225611441,"chainId":42161,"poolAddress":"0xc515063419fd6ba60c8206f591f1c93bb1518765"}	{"adminFee": "5000000000"}
{"blockNumber":228315299,"chainId":42161,"poolAddress":"0xf5650b7dd5216fcc6cfa5c009ffd147ed8254f37"}	{"adminFee": "5000000000"}
{"blockNumber":228663084,"chainId":42161,"poolAddress":"0x39e6af30ea89034d1bdd2d1cfba88caf8464fa65"}	{"adminFee": "5000000000"}
{"blockNumber":230109546,"chainId":42161,"poolAddress":"0x6293e840c02a2939cb000d002de8b70b5b7e62b8"}	{"adminFee": "5000000000"}
{"blockNumber":232388705,"chainId":42161,"poolAddress":"0xf206c1e996536d8e29985e6663e447a27e19e8d3"}	{"adminFee": "5000000000"}
{"blockNumber":233491305,"chainId":42161,"poolAddress":"0x1dd42dd08af91ef8bcbb55c1f11c9239a101237e"}	{"adminFee": "5000000000"}
{"blockNumber":242833243,"chainId":42161,"poolAddress":"0xe62ec36665387fd9abc303c0aea161c26649b6a3"}	{"adminFee": "5000000000"}
{"blockNumber":244423234,"chainId":42161,"poolAddress":"0xbfdfa1d1b90eb7715100acd4f69d4d2828b8cbc5"}	{"adminFee": "5000000000"}
{"blockNumber":244434334,"chainId":42161,"poolAddress":"0x83ffe303a62d25a7d1a4c2302d3ea24b59542bba"}	{"adminFee": "5000000000"}
{"blockNumber":244434469,"chainId":42161,"poolAddress":"0xf327a464da7691ff5fb25cd233813c7a958a6449"}	{"adminFee": "5000000000"}
{"blockNumber":244434800,"chainId":42161,"poolAddress":"0x0329b7bac6e908afb944e521bd63e5e205ef3166"}	{"adminFee": "5000000000"}
{"blockNumber":244435431,"chainId":42161,"poolAddress":"0x96839ee35a8e9f554f06042bcaf1b8962d63f8ef"}	{"adminFee": "5000000000"}
{"blockNumber":244436073,"chainId":42161,"poolAddress":"0xdc3b1c7cd554036d10fe2ced605b349a8c831152"}	{"adminFee": "5000000000"}
{"blockNumber":247304468,"chainId":42161,"poolAddress":"0xd20ab8a3f61001e8b9ebe2a39b85d5b2c232b040"}	{"adminFee": "5000000000"}
{"blockNumber":293268978,"chainId":42161,"poolAddress":"0x71f5b68188097a36d5604c3783b600bc7102f4ac"}	{"adminFee": "8000000000"}
{"blockNumber":296113439,"chainId":42161,"poolAddress":"0x3720ec38ce61bd5ce0af8063fdcaf0b434ba6509"}	{"adminFee": "5000000000"}
{"blockNumber":299036142,"chainId":42161,"poolAddress":"0x8f48e040e3130efd4f44e0026d62d79eb97a40f2"}	{"adminFee": "5000000000"}
{"blockNumber":4852266,"chainId":146,"poolAddress":"0xb2b0b641af3efbb495837323f74d962c534c1f51"}	{"adminFee": "8000000000"}
{"blockNumber":4855323,"chainId":146,"poolAddress":"0xc7df395a6f24198037b1eaffe87415112ea3fd3f"}	{"adminFee": "5000000000"}
{"blockNumber":4958478,"chainId":146,"poolAddress":"0x167b0951c5d3fb8ff5ab675401e369dd65817801"}	{"adminFee": "8000000000"}
{"blockNumber":5159388,"chainId":146,"poolAddress":"0x480d702d7a887e22d35917a320057388a7a5d096"}	{"adminFee": "8000000000"}
{"blockNumber":5791691,"chainId":146,"poolAddress":"0x2386ebde944e723ffd9066be23709444342d2685"}	{"adminFee": "5000000000"}
{"blockNumber":5796023,"chainId":146,"poolAddress":"0x5fd485cae624f972f9e3ba3ca2d7febd60dfad2c"}	{"adminFee": "5000000000"}
{"blockNumber":6158857,"chainId":146,"poolAddress":"0x07c436d502ae0f0ccb4569db1da9dc44b685ba93"}	{"adminFee": "5000000000"}
{"blockNumber":20232136,"chainId":1,"poolAddress":"0xdce8dfa05f9af2c16793f6b8e77597b7b7bf0c50"}	{"adminFee": "5000000000"}
{"blockNumber":20125962,"chainId":1,"poolAddress":"0x0b036d098cb2a2cce97cddc6187bcadaeb2f8075"}	{"adminFee": "5000000000"}
{"blockNumber":20127857,"chainId":1,"poolAddress":"0x1c379572160a80975fa1dad8e491ff485611c8f6"}	{"adminFee": "5000000000"}
{"blockNumber":20161295,"chainId":1,"poolAddress":"0xbfc3d05453dddb38289ea44386a9a4f8226ef2ca"}	{"adminFee": "5000000000"}
{"blockNumber":19919019,"chainId":1,"poolAddress":"0xc6e949f57d365fb73015d21a2d1a9da93e938d52"}	{"adminFee": "5000000000"}
{"blockNumber":19928084,"chainId":1,"poolAddress":"0xe7ad3016d46e538c9ca87e5071c561a73ed1c98c"}	{"adminFee": "5000000000"}
{"blockNumber":19961120,"chainId":1,"poolAddress":"0x4d4140c05dfa65e3e38a7bf1bda6e5b68fbe2b80"}	{"adminFee": "5000000000"}
{"blockNumber":19969673,"chainId":1,"poolAddress":"0xb09fc8bbdcc8dc9d8b3775132c52fcebf1c7dbb3"}	{"adminFee": "5000000000"}
{"blockNumber":20031244,"chainId":1,"poolAddress":"0xc9f39993cf05f7442dd56ac2b87484c051ffdb5a"}	{"adminFee": "5000000000"}
{"blockNumber":20076779,"chainId":1,"poolAddress":"0xc63dff67fe1b63004ab6c773022ba06847c11335"}	{"adminFee": "5000000000"}
{"blockNumber":20112870,"chainId":1,"poolAddress":"0xf3749a2bef435535200c378298b78f34dcac0fc9"}	{"adminFee": "5000000000"}
{"blockNumber":20118238,"chainId":1,"poolAddress":"0xbce4e65b4a68ac2095c7747992250d2075d82edc"}	{"adminFee": "5000000000"}
{"blockNumber":20172980,"chainId":1,"poolAddress":"0x870754e9cb1555c427dd7b433a55aeaccd7e4e1f"}	{"adminFee": "5000000000"}
{"blockNumber":17162903,"chainId":8453,"poolAddress":"0x5711f2aab169d6f83d997008542863606530c5a5"}	{"adminFee": "5000000000"}
{"blockNumber":17162948,"chainId":8453,"poolAddress":"0x16a6746b1ffdb14e8f88e3082f23d956e68ff9da"}	{"adminFee": "5000000000"}
{"blockNumber":17167166,"chainId":8453,"poolAddress":"0xdc2b69aa3c13cab8010b8cc3c4e838b2b005089f"}	{"adminFee": "5000000000"}
{"blockNumber":17274457,"chainId":8453,"poolAddress":"0x0bdad9b3a7aa822c9f846b6490fe526dbdfdda3e"}	{"adminFee": "5000000000"}
{"blockNumber":20520122,"chainId":8453,"poolAddress":"0xc976297c5c87a7e8e1e304f5be860e3b20819b60"}	{"adminFee": "5000000000"}
{"blockNumber":18637066,"chainId":8453,"poolAddress":"0xc515063419fd6ba60c8206f591f1c93bb1518765"}	{"adminFee": "5000000000"}
{"blockNumber":18637433,"chainId":8453,"poolAddress":"0x4455e524ba0d45a7671b5b705818696d1c0e6cb7"}	{"adminFee": "5000000000"}
{"blockNumber":18678823,"chainId":8453,"poolAddress":"0xe8ce8988c227cec35c03bef8a899a5673f4eb66e"}	{"adminFee": "5000000000"}
{"blockNumber":18679255,"chainId":8453,"poolAddress":"0xf5650b7dd5216fcc6cfa5c009ffd147ed8254f37"}	{"adminFee": "5000000000"}
{"blockNumber":23959373,"chainId":8453,"poolAddress":"0xb9f4539cffe696549ce00d999e56abeb495ee976"}	{"adminFee": "5000000000"}
{"blockNumber":18679344,"chainId":8453,"poolAddress":"0x39e6af30ea89034d1bdd2d1cfba88caf8464fa65"}	{"adminFee": "5000000000"}
{"blockNumber":18679420,"chainId":8453,"poolAddress":"0x6293e840c02a2939cb000d002de8b70b5b7e62b8"}	{"adminFee": "5000000000"}
{"blockNumber":21144813,"chainId":8453,"poolAddress":"0x25ecb23f6acef34ff232cb8731fb0814d9733356"}	{"adminFee": "5000000000"}
{"blockNumber":21361645,"chainId":8453,"poolAddress":"0x3f13cfb20bf451be114f13a6b1bc474eeab8f6ce"}	{"adminFee": "5000000000"}
{"blockNumber":19038423,"chainId":8453,"poolAddress":"0xf206c1e996536d8e29985e6663e447a27e19e8d3"}	{"adminFee": "5000000000"}
{"blockNumber":19123176,"chainId":8453,"poolAddress":"0x1dd42dd08af91ef8bcbb55c1f11c9239a101237e"}	{"adminFee": "5000000000"}
{"blockNumber":20491514,"chainId":8453,"poolAddress":"0xe62ec36665387fd9abc303c0aea161c26649b6a3"}	{"adminFee": "5000000000"}
{"blockNumber":20491643,"chainId":8453,"poolAddress":"0xbfdfa1d1b90eb7715100acd4f69d4d2828b8cbc5"}	{"adminFee": "5000000000"}
{"blockNumber":20491768,"chainId":8453,"poolAddress":"0x83ffe303a62d25a7d1a4c2302d3ea24b59542bba"}	{"adminFee": "5000000000"}
{"blockNumber":20491809,"chainId":8453,"poolAddress":"0xf327a464da7691ff5fb25cd233813c7a958a6449"}	{"adminFee": "5000000000"}
{"blockNumber":21144384,"chainId":8453,"poolAddress":"0x45c2c5d8d6c891e7e9bb7222ebcda3b817061148"}	{"adminFee": "5000000000"}
{"blockNumber":20491854,"chainId":8453,"poolAddress":"0x0329b7bac6e908afb944e521bd63e5e205ef3166"}	{"adminFee": "5000000000"}
{"blockNumber":20492076,"chainId":8453,"poolAddress":"0x96839ee35a8e9f554f06042bcaf1b8962d63f8ef"}	{"adminFee": "5000000000"}
{"blockNumber":20492166,"chainId":8453,"poolAddress":"0xdc3b1c7cd554036d10fe2ced605b349a8c831152"}	{"adminFee": "5000000000"}
{"blockNumber":20492209,"chainId":8453,"poolAddress":"0xd20ab8a3f61001e8b9ebe2a39b85d5b2c232b040"}	{"adminFee": "5000000000"}
{"blockNumber":23830971,"chainId":8453,"poolAddress":"0xc6fbb3497d9a3920f2033ee57ec4f7e99ba280a9"}	{"adminFee": "8000000000"}
{"blockNumber":21528832,"chainId":8453,"poolAddress":"0xdaf28bedaef3a960188b69e3283d43a9ed76f57f"}	{"adminFee": "5000000000"}
{"blockNumber":23355419,"chainId":8453,"poolAddress":"0xbd0f196071de8d7d1521c0ee53584875d2d97fc5"}	{"adminFee": "8000000000"}
{"blockNumber":21529173,"chainId":8453,"poolAddress":"0x25b2bacf89b78c8d1815b500c02593a5d668ea51"}	{"adminFee": "5000000000"}
{"blockNumber":23355003,"chainId":8453,"poolAddress":"0xd108d2bbaa01569daa9571d6ccad32e0980e237d"}	{"adminFee": "5000000000"}
{"blockNumber":23256728,"chainId":8453,"poolAddress":"0xbfa08a30f4fb621021e8c89f9f9ce5ca06a16fb1"}	{"adminFee": "5000000000"}
{"blockNumber":20683920,"chainId":1,"poolAddress":"0x9ed7a47cdee1a197b338706145735b62778979cf"}	{"adminFee": "5000000000"}
{"blockNumber":20827940,"chainId":1,"poolAddress":"0x9429e06ffd09cf97007791b8bf3845171f1425e8"}	{"adminFee": "5000000000"}
{"blockNumber":20828021,"chainId":1,"poolAddress":"0x588eab5777e51ece898bb71976715072e6f7843f"}	{"adminFee": "5000000000"}
{"blockNumber":20421312,"chainId":1,"poolAddress":"0x4d8842511cadcc65125cb9353b9520cc7f424688"}	{"adminFee": "5000000000"}
{"blockNumber":20421312,"chainId":1,"poolAddress":"0xa3f78ffb9de17d7a530ee08b4aa13362edd7c76b"}	{"adminFee": "5000000000"}
{"blockNumber":20421312,"chainId":1,"poolAddress":"0x7a5b529bf0106990494ab3d7696f14c69c000dd7"}	{"adminFee": "5000000000"}
{"blockNumber":20422887,"chainId":1,"poolAddress":"0xf99514d6556dee14032ceb3f1cd59b32e61541cc"}	{"adminFee": "5000000000"}
{"blockNumber":20482543,"chainId":1,"poolAddress":"0x019f398b084d7702cfb7430aa9d545bf55de037f"}	{"adminFee": "5000000000"}
{"blockNumber":20506003,"chainId":1,"poolAddress":"0x20f3424fec5194522a2621120d1ea7279161e216"}	{"adminFee": "5000000000"}
{"blockNumber":20521549,"chainId":1,"poolAddress":"0x952ac974ff2f3ee5c05534961b661fe70fd38b8a"}	{"adminFee": "5000000000"}
{"blockNumber":20522173,"chainId":1,"poolAddress":"0x1c4d2495f1b9f325cb72c1af0db29985239c68ad"}	{"adminFee": "5000000000"}
{"blockNumber":20582576,"chainId":1,"poolAddress":"0x0d89f4583a6b5eceb76551d573ad49cd435f6064"}	{"adminFee": "5000000000"}
{"blockNumber":20585725,"chainId":1,"poolAddress":"0xfd268d70c4446862a0fc024fb731d71f3fc5b6c4"}	{"adminFee": "5000000000"}
{"blockNumber":20725682,"chainId":1,"poolAddress":"0x7a2517768a221b43a639f7f03a88074d9884b398"}	{"adminFee": "5000000000"}
{"blockNumber":20764430,"chainId":1,"poolAddress":"0x8561d7a37a998196cafab7432e3243b413dc187e"}	{"adminFee": "5000000000"}
{"blockNumber":20764439,"chainId":1,"poolAddress":"0x6962e20fb648611801adee8c24af9f7fce2034a8"}	{"adminFee": "5000000000"}
{"blockNumber":20861112,"chainId":1,"poolAddress":"0x08da2b1ea8f2098d44c8690ddadca3d816c7c0d5"}	{"adminFee": "5000000000"}
{"blockNumber":21070385,"chainId":1,"poolAddress":"0x70b2e1855b00c4bb9dd81a029eb319ed864079a7"}	{"adminFee": "8000000000"}
{"blockNumber":21071577,"chainId":1,"poolAddress":"0xd527aed4030c5034825a69a7aebf7ec241aac024"}	{"adminFee": "5000000000"}
{"blockNumber":21320940,"chainId":1,"poolAddress":"0x614e842ef4b9a1bbed7fba7a333a3959c0ee1161"}	{"adminFee": "8000000000"}
{"blockNumber":21116010,"chainId":1,"poolAddress":"0x92261c50c2ae3158368baeb3571fe66e24c8bf2c"}	{"adminFee": "5000000000"}
{"blockNumber":21121454,"chainId":1,"poolAddress":"0xc436c88130fc594ea993a32939e73e4fe9b0c610"}	{"adminFee": "5000000000"}
{"blockNumber":21143811,"chainId":1,"poolAddress":"0xa2e24d08c2eccdd402db37c70d7b6e09c4b794b2"}	{"adminFee": "5000000000"}
{"blockNumber":21182684,"chainId":1,"poolAddress":"0x44015b17ba889ac3c08757ddd89552b5d03b73c6"}	{"adminFee": "8000000000"}
{"blockNumber":21470479,"chainId":1,"poolAddress":"0xbc2f304e661ef8cc79e52942f9546bea06cc360c"}	{"adminFee": "5000000000"}
{"blockNumber":24403067,"chainId":8453,"poolAddress":"0xa88595fdb5898861d371598468a1e9484b33f55f"}	{"adminFee": "8000000000"}
{"blockNumber":24552211,"chainId":8453,"poolAddress":"0xfe42f80c7a31749a416aacce2aaa64772e12ff2c"}	{"adminFee": "5000000000"}
{"blockNumber":24736777,"chainId":8453,"poolAddress":"0xceb746b706b824b74f9c2c39a2283d80db05cb80"}	{"adminFee": "5000000000"}
{"blockNumber":21514035,"chainId":1,"poolAddress":"0x0efdb0de6e17e8d0f3161dc9b25093cf96315bd6"}	{"adminFee": "5000000000"}
{"blockNumber":21543317,"chainId":1,"poolAddress":"0xe590c55ae6d9c139f95adbc36fd5c137f8c61fe8"}	{"adminFee": "8000000000"}
{"blockNumber":21515271,"chainId":1,"poolAddress":"0x66a376178faeb5d209acaa10d5d00aa3de4f5bd5"}	{"adminFee": "5000000000"}
{"blockNumber":25017196,"chainId":8453,"poolAddress":"0x8a910666cdb4fa55793406288e2ffe806c15ad08"}	{"adminFee": "5000000000"}
{"blockNumber":24866519,"chainId":8453,"poolAddress":"0x8d6c6b440054919875d3d7f9fecc400411643248"}	{"adminFee": "8000000000"}
{"blockNumber":24866600,"chainId":8453,"poolAddress":"0x6a9fbeb9ae1b609367b14a38ce3369efd418b220"}	{"adminFee": "5000000000"}
{"blockNumber":21618732,"chainId":1,"poolAddress":"0xad6cd1aceb6e919e4c4918503c22a3f531cf8276"}	{"adminFee": "8000000000"}
{"blockNumber":21595624,"chainId":1,"poolAddress":"0x60ca9d1fb576d4415c84cb87ec9aaae964b15759"}	{"adminFee": "5000000000"}
{"blockNumber":21595668,"chainId":1,"poolAddress":"0xe042651c0312e362a27990a72ccce1f58e16ceaa"}	{"adminFee": "5000000000"}
{"blockNumber":21596277,"chainId":1,"poolAddress":"0x27c912f16c5af1d697bf5b08fc1f4413cffd6cd7"}	{"adminFee": "5000000000"}
{"blockNumber":21628185,"chainId":1,"poolAddress":"0xa2a5408bc780f3226352fe558070c1d6a7dc8c44"}	{"adminFee": "5000000000"}
{"blockNumber":21667649,"chainId":1,"poolAddress":"0xe119bad8a35b999f65b1e5fd48c626c327daa16b"}	{"adminFee": "8000000000"}
{"blockNumber":21680345,"chainId":1,"poolAddress":"0xfb7c3c95f4c2c05f6ec7dcfe3e368a40eb338603"}	{"adminFee": "8000000000"}
{"blockNumber":21684327,"chainId":1,"poolAddress":"0xd7e163a91d11cfa2b4059f1626ccd6e33b143cbc"}	{"adminFee": "8000000000"}
{"blockNumber":21687790,"chainId":1,"poolAddress":"0x75c91a79faf0fe64accdbd51e3fa6321d8952d84"}	{"adminFee": "8000000000"}
{"blockNumber":21688215,"chainId":1,"poolAddress":"0x895c0e40901317a4938611fb927bdd8415c26651"}	{"adminFee": "8000000000"}
{"blockNumber":21688502,"chainId":1,"poolAddress":"0x16d050778b6599ce94993d2ff83f8da7136421a9"}	{"adminFee": "8000000000"}
{"blockNumber":25639083,"chainId":8453,"poolAddress":"0xea94282f89ef41331a75d6aa7d8e0e565782946a"}	{"adminFee": "5000000000"}
{"blockNumber":25638866,"chainId":8453,"poolAddress":"0x90f41a30e16a02946cde1beb8214e7db647678a7"}	{"adminFee": "5000000000"}
{"blockNumber":21716288,"chainId":1,"poolAddress":"0x9be2ab3c1cb62b5f66b47126df6dfd6a4390c0ca"}	{"adminFee": "5000000000"}
{"blockNumber":21717457,"chainId":1,"poolAddress":"0xb08eef98843318f145ec0e59f2d962cb4b6f7439"}	{"adminFee": "5000000000"}
{"blockNumber":21492348,"chainId":1,"poolAddress":"0x9dddeea4d2fa308ff0850008d73f375ad7a8a9b2"}	{"adminFee": "5000000000"}
{"blockNumber":21504983,"chainId":1,"poolAddress":"0x6f1c4411af770eafa007393563f70f01c204f8d5"}	{"adminFee": "5000000000"}
{"blockNumber":21493603,"chainId":1,"poolAddress":"0x4bc7bfb8acac5f73934f3dc421f9527cdbcac583"}	{"adminFee": "8000000000"}
{"blockNumber":21568240,"chainId":1,"poolAddress":"0x69ba1b7dba7eb3b7a73f4e35fd04a27ad06c55fe"}	{"adminFee": "8000000000"}
{"blockNumber":21578071,"chainId":1,"poolAddress":"0x52b230f3b0b1a4140826c4913663e8464e942861"}	{"adminFee": "5000000000"}
{"blockNumber":21587125,"chainId":1,"poolAddress":"0x64bd68e2ca9a3e27230f8e22dba20f3cd58aeb50"}	{"adminFee": "5000000000"}
{"blockNumber":21591017,"chainId":1,"poolAddress":"0xedb0dc6f2d30ed1679fe2ad278548b5862f246f9"}	{"adminFee": "5000000000"}
{"blockNumber":21589445,"chainId":1,"poolAddress":"0xfef729847048e872a7baa82ab7aecfe793df62a4"}	{"adminFee": "8000000000"}
{"blockNumber":21745607,"chainId":1,"poolAddress":"0x4ce726879557a0b78d974a6f5d95ac4e2e5fd4f5"}	{"adminFee": "8000000000"}
{"blockNumber":21771380,"chainId":1,"poolAddress":"0x81d461e0162da7a470b882f39c4e1a97b9244aed"}	{"adminFee": "8000000000"}
{"blockNumber":21773736,"chainId":1,"poolAddress":"0xee894f36d7ccc6fbe59ac55b9db8a8aafd892a26"}	{"adminFee": "5000000000"}
{"blockNumber":7391756,"chainId":146,"poolAddress":"0x2f55d71a604f839a7045d68a48d140ec7ac11fd4"}	{"adminFee": "5000000000"}
{"blockNumber":6875331,"chainId":146,"poolAddress":"0x5803626dad34fd8a7babcffdd2d8abef32a764b9"}	{"adminFee": "5000000000"}
{"blockNumber":6891502,"chainId":146,"poolAddress":"0x5d5b0afb666e4b0cb43263df6793ac653c09928e"}	{"adminFee": "5000000000"}
{"blockNumber":7392674,"chainId":146,"poolAddress":"0xf6136a4153257c0c02ab6ecd61c4f2627b1c5549"}	{"adminFee": "5000000000"}
{"blockNumber":6785566,"chainId":146,"poolAddress":"0x686b1190623b9acf1dc13ee0d3d3ee4f5d706571"}	{"adminFee": "5000000000"}
{"blockNumber":21793081,"chainId":1,"poolAddress":"0x482e58b324c8add87ba14c3e474715377d5d84a5"}	{"adminFee": "5000000000"}
{"blockNumber":21787241,"chainId":1,"poolAddress":"0x76717d6e40aae85dac1ef9edb77ceb340e32cedf"}	{"adminFee": "5000000000"}
{"blockNumber":21796536,"chainId":1,"poolAddress":"0xb01c2629506ba4f89cbe8dd823974ec6fdcad1e1"}	{"adminFee": "8000000000"}
{"blockNumber":26372712,"chainId":8453,"poolAddress":"0x07e552a01b3dbb7dbcbb5235083b7c516a135aae"}	{"adminFee": "5000000000"}
{"blockNumber":27767837,"chainId":8453,"poolAddress":"0xd8e4662ffd6b202cf85e3783fb7252ff0a423a72"}	{"adminFee": "2000000000"}
{"blockNumber":27713300,"chainId":8453,"poolAddress":"0x25b8288b7b093998a234abbcf04035102d5dd50b"}	{"adminFee": "8000000000"}
{"blockNumber":26665208,"chainId":8453,"poolAddress":"0x619fbf854070157be4c5dadabf84e6b7a4928aed"}	{"adminFee": "5000000000"}
{"blockNumber":21838580,"chainId":1,"poolAddress":"0x1825b0ffb79093be293b9899f33ae7f665d872ce"}	{"adminFee": "8000000000"}
{"blockNumber":9041240,"chainId":146,"poolAddress":"0xfa1d57b1c03a975a671e70c66d83361e749914ef"}	{"adminFee": "5000000000"}
{"blockNumber":21924863,"chainId":1,"poolAddress":"0xaebca400810d6cb8b57fd51f60663e3759b76a7b"}	{"adminFee": "5000000000"}
{"blockNumber":21980240,"chainId":1,"poolAddress":"0x198bfab670f80691b37ee9b99073e532263d3c3c"}	{"adminFee": "2000000000"}
{"blockNumber":21983789,"chainId":1,"poolAddress":"0x25d7c918f4de6a9c89b11d28af969ed9eaa9a7c5"}	{"adminFee": "8000000000"}
{"blockNumber":21987634,"chainId":1,"poolAddress":"0x854950300db2f752c132045950e72bd7e73c3955"}	{"adminFee": "2000000000"}
{"blockNumber":22029704,"chainId":1,"poolAddress":"0x3b04f892480fc53c94814da88cb2689c84f27d8e"}	{"adminFee": "2000000000"}
{"blockNumber":22030619,"chainId":1,"poolAddress":"0xa0363875f5c43196daa2ae584aa963f2ce5670b2"}	{"adminFee": "2000000000"}
{"blockNumber":22035481,"chainId":1,"poolAddress":"0x4ce7f0a18a2a66f6dd329f37ad36c2742976744c"}	{"adminFee": "8000000000"}
{"blockNumber":22045598,"chainId":1,"poolAddress":"0x9d7028edd14d47883106e75afcc5fb2b2b189e3d"}	{"adminFee": "2000000000"}
{"blockNumber":22031233,"chainId":1,"poolAddress":"0x39a4494d709c16cefbf32768437ffb237e592e2f"}	{"adminFee": "2000000000"}
{"blockNumber":22032791,"chainId":1,"poolAddress":"0x668786e69a70cd983919d58f008744979d4a6a66"}	{"adminFee": "8000000000"}
{"blockNumber":319549549,"chainId":42161,"poolAddress":"0xd3629609019124ec8b518ecf2e96f0849340b560"}	{"adminFee": "2000000000"}
{"blockNumber":352641699,"chainId":42161,"poolAddress":"0x351e756b4a0910b0d739e906dfaad6fc7ec28908"}	{"adminFee": "5000000000"}
{"blockNumber":353393291,"chainId":42161,"poolAddress":"0x894e5f771a565440cfd9bf116e4683cfd5a62dcd"}	{"adminFee": "5000000000"}
{"blockNumber":336833377,"chainId":42161,"poolAddress":"0x9d3de5108c3e55c4daf4cd42b1f965490f37daa2"}	{"adminFee": "5000000000"}
{"blockNumber":363195741,"chainId":42161,"poolAddress":"0xdbfdad05d2d280195331582516813358f41d1cc4"}	{"adminFee": "8000000000"}
{"blockNumber":363346990,"chainId":42161,"poolAddress":"0x1d0a0bbe6042543621ed2493d53e91c28e0d34f3"}	{"adminFee": "8000000000"}
{"blockNumber":28958596,"chainId":8453,"poolAddress":"0xd1f6dbd971e2cd6f486f2c42ea1accc8667447c9"}	{"adminFee": "8000000000"}
{"blockNumber":28488496,"chainId":8453,"poolAddress":"0x5e3a444cbbabf92d619fa9fcaeef99c24ead3ba0"}	{"adminFee": "2000000000"}
{"blockNumber":22116614,"chainId":1,"poolAddress":"0x2def0be7366dc80f0af032166f6315ffa122fded"}	{"adminFee": "2000000000"}
{"blockNumber":17274946,"chainId":146,"poolAddress":"0x2b5515c68c276f71dbe8dee9e691c0efbd501efd"}	{"adminFee": "2000000000"}
{"blockNumber":22174629,"chainId":1,"poolAddress":"0xa5d96291e8cc475f94e07bb5af6a75bbe723fd11"}	{"adminFee": "2000000000"}
{"blockNumber":22181809,"chainId":1,"poolAddress":"0xb4dde9015c766f09043247e0687e406049947373"}	{"adminFee": "8000000000"}
{"blockNumber":22231291,"chainId":1,"poolAddress":"0x2767dcd4068acf7b638c38d90f0082d4cfecb425"}	{"adminFee": "2000000000"}
{"blockNumber":23741322,"chainId":146,"poolAddress":"0x5b8b9334bd1008d15ed41927b09c8b4dff4a2263"}	{"adminFee": "5000000000"}
{"blockNumber":22287681,"chainId":1,"poolAddress":"0xb55d9d7682af2c2d87f52e67ef5dc4d452f27645"}	{"adminFee": "2000000000"}
{"blockNumber":22315816,"chainId":1,"poolAddress":"0x830ae8fd8dc97be4d1ea25eb5bf688333ea53a4d"}	{"adminFee": "2000000000"}
{"blockNumber":22315943,"chainId":1,"poolAddress":"0xa3298a147d473a3c263cd9e894c2bd27f4eb5c1d"}	{"adminFee": "2000000000"}
{"blockNumber":22423509,"chainId":1,"poolAddress":"0x01149e8aff4efc8a59c96d6750bb7d3900577603"}	{"adminFee": "5000000000"}
{"blockNumber":22370132,"chainId":1,"poolAddress":"0x6b6e36e0516b3020dff0edd01fe90c18774de709"}	{"adminFee": "5000000000"}
{"blockNumber":22381401,"chainId":1,"poolAddress":"0xf2f4b713093f9d34cfcb3dadffa58a6ac0bee1ff"}	{"adminFee": "5000000000"}
{"blockNumber":22381421,"chainId":1,"poolAddress":"0x2fe6c0f3f8e7821bb3e2164247aa24e1fd77e9e3"}	{"adminFee": "5000000000"}
{"blockNumber":29591505,"chainId":8453,"poolAddress":"0xa343719b9c31ee3c3315fa7b4f32ea9438704384"}	{"adminFee": "5000000000"}
{"blockNumber":29822554,"chainId":8453,"poolAddress":"0x57abd3d7a4b58dec7cc14ecd0db079cc814aaf3f"}	{"adminFee": "5000000000"}
{"blockNumber":29941594,"chainId":8453,"poolAddress":"0x8311acb37d13d7b0b56728d11e42fc4b9b4f503c"}	{"adminFee": "5000000000"}
{"blockNumber":29164167,"chainId":8453,"poolAddress":"0xe5292d740f6a2ad0d98ec25cca1ce3738cddd3d7"}	{"adminFee": "2000000000"}
{"blockNumber":22445595,"chainId":1,"poolAddress":"0xa95a5eb4f639ddc9cd0b431036eb2cc2d018c18c"}	{"adminFee": "5000000000"}
{"blockNumber":22465905,"chainId":1,"poolAddress":"0x702bb558601e597b513f704e2017e378912baf96"}	{"adminFee": "5000000000"}
{"blockNumber":30251100,"chainId":8453,"poolAddress":"0x5985085cef7057b8e36b13fe7c7fc07fd3ea3ac8"}	{"adminFee": "5000000000"}
{"blockNumber":27745274,"chainId":146,"poolAddress":"0xa17392199e03d39d7ece43539e6710d2ba1d8166"}	{"adminFee": "5000000000"}
{"blockNumber":27746321,"chainId":146,"poolAddress":"0xdb1945065a66b30c6d587c3600876db3e5ffeb85"}	{"adminFee": "5000000000"}
{"blockNumber":30760451,"chainId":8453,"poolAddress":"0x6a8f70e13cdbb1603c5b8c6f414ac7da4096a185"}	{"adminFee": "5000000000"}
{"blockNumber":22633853,"chainId":1,"poolAddress":"0xab663a50ef56d064ecc27b2656ed6889ea70e502"}	{"adminFee": "5000000000"}
{"blockNumber":22583294,"chainId":1,"poolAddress":"0xcbe13315809acf6d7b92472fcb9546655b874ee7"}	{"adminFee": "5000000000"}
{"blockNumber":22633964,"chainId":1,"poolAddress":"0x17a23e49ae0209b5243090c138e800c4ca1921e9"}	{"adminFee": "5000000000"}
{"blockNumber":22569772,"chainId":1,"poolAddress":"0x1ed0bea7db2815283da9e184145386bd7789a735"}	{"adminFee": "5000000000"}
{"blockNumber":22628021,"chainId":1,"poolAddress":"0x1253e519aedc35f9da29a14e155f64605d5144ce"}	{"adminFee": "5000000000"}
{"blockNumber":22633909,"chainId":1,"poolAddress":"0x21ff331d1928cb7fde9a151d43eba4ebee843e87"}	{"adminFee": "5000000000"}
{"blockNumber":34046731,"chainId":146,"poolAddress":"0x26b301dc0b4b52b9fe85918acc99dc1e098c4369"}	{"adminFee": "5000000000"}
{"blockNumber":34046984,"chainId":146,"poolAddress":"0x17cd5228da53f244a96fc6e5415bdcdc06348a46"}	{"adminFee": "5000000000"}
{"blockNumber":22674607,"chainId":1,"poolAddress":"0x593a8a7c12d8111e12945ff167389662a02b5ece"}	{"adminFee": "5000000000"}
{"blockNumber":36346899,"chainId":146,"poolAddress":"0xca5a4a5e97d7c1adfc348c5fdd38d450545fa96a"}	{"adminFee": "5000000000"}
{"blockNumber":22734320,"chainId":1,"poolAddress":"0xe48c3a1389be663f0e6f96ac1b90c10ee8b1b1ec"}	{"adminFee": "5000000000"}
{"blockNumber":22747844,"chainId":1,"poolAddress":"0xa8cd51f4b240d2c19925a758e93142df1ed6f9d6"}	{"adminFee": "5000000000"}
{"blockNumber":22747879,"chainId":1,"poolAddress":"0xbc682b0c7d0941bf0619886f9596f6f5c6d114c3"}	{"adminFee": "5000000000"}
{"blockNumber":22825655,"chainId":1,"poolAddress":"0x0e2e7e5692074f406fa4037c8c8c1ace4b6ece32"}	{"adminFee": "5000000000"}
{"blockNumber":22938041,"chainId":1,"poolAddress":"0xc1b8e361803deef2d40ce5ec19e2a98f4045608b"}	{"adminFee": "8000000000"}
{"blockNumber":22938404,"chainId":1,"poolAddress":"0x4103885b44676e24ae1f65d8a36d6bec57bd5000"}	{"adminFee": "8000000000"}
{"blockNumber":22938565,"chainId":1,"poolAddress":"0xbbb7e0cb9720aa32a28aa075c310bbe746258186"}	{"adminFee": "8000000000"}
{"blockNumber":22945759,"chainId":1,"poolAddress":"0xd7d9bcafff98308d447a3985c6fedd84dbdea34b"}	{"adminFee": "8000000000"}
{"blockNumber":22945845,"chainId":1,"poolAddress":"0xac3f886b4f965d6d3510e1093769f3860f98e8f0"}	{"adminFee": "8000000000"}
{"blockNumber":22946047,"chainId":1,"poolAddress":"0x586032790165ec0b0562d2fd02055e6b2e729409"}	{"adminFee": "8000000000"}
{"blockNumber":22946158,"chainId":1,"poolAddress":"0xdd7a073b40a3b7c00e13b0bd929145ea52368650"}	{"adminFee": "8000000000"}
{"blockNumber":22946318,"chainId":1,"poolAddress":"0x4619a871112c443658a505941532bb7df60b06b2"}	{"adminFee": "8000000000"}
{"blockNumber":22825617,"chainId":1,"poolAddress":"0xba03b286fc03ee1f403f02ead4788c298c38cd4e"}	{"adminFee": "5000000000"}
{"blockNumber":22945397,"chainId":1,"poolAddress":"0xb2737014c7d4dd697ec24ba1398a6780a4d1b9e6"}	{"adminFee": "8000000000"}
{"blockNumber":22892948,"chainId":1,"poolAddress":"0x6e7f0c234582b9421e4c9bc4ab3542016cd23301"}	{"adminFee": "8000000000"}
{"blockNumber":31785195,"chainId":8453,"poolAddress":"0xd96de83b2888e9ad45dbeec093245bb64c3c9e57"}	{"adminFee": "5000000000"}
{"blockNumber":31997799,"chainId":8453,"poolAddress":"0xce76b7cb9bd07a2816acf0f86ef8bf06a025fb07"}	{"adminFee": "5000000000"}
{"blockNumber":32688400,"chainId":8453,"poolAddress":"0x769a52bc03ab37bd3457d10a841cb068a4f79a49"}	{"adminFee": "8000000000"}
{"blockNumber":38439393,"chainId":146,"poolAddress":"0xb9c4a8179a2a115815489854069d4670a8c80424"}	{"adminFee": "8000000000"}
{"blockNumber":38440766,"chainId":146,"poolAddress":"0x36ae7a0c85415c9843af095aef9ed340a4f64686"}	{"adminFee": "8000000000"}
{"blockNumber":38683481,"chainId":146,"poolAddress":"0xee159d2827935fce444910d92a0227e3028599f9"}	{"adminFee": "8000000000"}
{"blockNumber":38857394,"chainId":146,"poolAddress":"0x74ecf3b743b7481af6aa056090ff00cde70757c1"}	{"adminFee": "8000000000"}
{"blockNumber":38857933,"chainId":146,"poolAddress":"0xea2c68e5f50cdb6e86ba09316daac71e5eeda53c"}	{"adminFee": "8000000000"}
{"blockNumber":32965381,"chainId":8453,"poolAddress":"0xbcae0acad03b238b97b3158b1fe3eda3c4dc0b83"}	{"adminFee": "8000000000"}
{"blockNumber":32965546,"chainId":8453,"poolAddress":"0x6d30d3bb85232bee157cb110f5055738244f0edd"}	{"adminFee": "8000000000"}
{"blockNumber":32965662,"chainId":8453,"poolAddress":"0x1861ca9ce6c84957b48768cba6091befe6260eb4"}	{"adminFee": "8000000000"}
{"blockNumber":32965774,"chainId":8453,"poolAddress":"0xa86bee5400d9f58aa2ff168fed6ab4bcb36bcc91"}	{"adminFee": "8000000000"}
{"blockNumber":33025272,"chainId":8453,"poolAddress":"0x96f93f632da15d425a030ae0e06a43e4947607ff"}	{"adminFee": "8000000000"}
{"blockNumber":39733706,"chainId":146,"poolAddress":"0x7af31cf5475b2b91f202d5811b5487f114821190"}	{"adminFee": "8000000000"}
{"blockNumber":23070434,"chainId":1,"poolAddress":"0x1f1975f2efea483f0e96ebf965caf95df17675a1"}	{"adminFee": "8000000000"}
{"blockNumber":23073994,"chainId":1,"poolAddress":"0xf4ae78cb16f1cd8c5b06843ca2f54ddd7cbad03c"}	{"adminFee": "8000000000"}
{"blockNumber":22969331,"chainId":1,"poolAddress":"0xd31fac73411da2c19aab7cd5d71f22d5c54e748a"}	{"adminFee": "8000000000"}
{"blockNumber":22969394,"chainId":1,"poolAddress":"0x0c15c823c614c77f09ef90d35a71b6616070a22a"}	{"adminFee": "8000000000"}
{"blockNumber":22969409,"chainId":1,"poolAddress":"0xdcb8c27adee3d9b83a01cd40a3c572746a641319"}	{"adminFee": "8000000000"}
{"blockNumber":23034283,"chainId":1,"poolAddress":"0xceb283be31a655a9c707a7bb5bb1edffc35491b0"}	{"adminFee": "8000000000"}
{"blockNumber":23054912,"chainId":1,"poolAddress":"0x43cb9f6ddf5b313aec35f013800345cc895d4f22"}	{"adminFee": "8000000000"}
{"blockNumber":22969270,"chainId":1,"poolAddress":"0xe7898c8342244e834c55134d2bd8255108e3c961"}	{"adminFee": "8000000000"}
{"blockNumber":41533187,"chainId":146,"poolAddress":"0x04c0eb55ed25b6654fb462ad8db44a5fa9dbdaa5"}	{"adminFee": "8000000000"}
{"blockNumber":43156880,"chainId":146,"poolAddress":"0x82b3daa8cc551dbb9566a2cb776360498b77d6a0"}	{"adminFee": "8000000000"}
{"blockNumber":43349912,"chainId":146,"poolAddress":"0xe4b88f590438b56bc7d8e4275b941694095d29cf"}	{"adminFee": "8000000000"}
{"blockNumber":34114052,"chainId":8453,"poolAddress":"0xe17c0c337a65ee25564a3b825606e8ad080a2c73"}	{"adminFee": "8000000000"}
{"blockNumber":23127153,"chainId":1,"poolAddress":"0xf885a7c53920bda31770c4efc781d98df5afe8c5"}	{"adminFee": "8000000000"}
{"blockNumber":36177968,"chainId":8453,"poolAddress":"0x447d24edf78b20a4cf748a7cee273510edf87df1"}	{"adminFee": "8000000000"}
{"blockNumber":36802708,"chainId":8453,"poolAddress":"0xfff78884f40ceb8d8d8ae4282c17084dbc5cdf37"}	{"adminFee": "8000000000"}
{"blockNumber":23455294,"chainId":1,"poolAddress":"0xfda98290209f6747fb24078cef8d3088b0c2801f"}	{"adminFee": "8000000000"}
{"blockNumber":23424171,"chainId":1,"poolAddress":"0x9abc3e95235bdd560d62d22cfadc8a18f9515545"}	{"adminFee": "8000000000"}
{"blockNumber":23589723,"chainId":1,"poolAddress":"0x8ee494461b402abf3b26cbcb87030847fcbf6183"}	{"adminFee": "8000000000"}
{"blockNumber":64383158,"chainId":43114,"poolAddress":"0x996f223df68e09caaa9a18d45b683fb91890e1ef"}	{"adminFee": "5000000000"}
{"blockNumber":64383294,"chainId":43114,"poolAddress":"0xe8ea2f333bc769c36592404a9435ae9c7c37702f"}	{"adminFee": "5000000000"}
{"blockNumber":64889682,"chainId":43114,"poolAddress":"0x1664c1fe5231aeb3ce423114dc67ce27ff0ca913"}	{"adminFee": "5000000000"}
{"blockNumber":65544087,"chainId":43114,"poolAddress":"0x2c997a190c35e7cab5644f0b118c3c7f3680ee32"}	{"adminFee": "8000000000"}
{"blockNumber":65545160,"chainId":43114,"poolAddress":"0x6d83aec5e0d290379d1309530e1bb29b563142e5"}	{"adminFee": "8000000000"}
{"blockNumber":122869681,"chainId":10,"poolAddress":"0x0131c28f1334c13acb2cda4707820045765c47ba"}	{"adminFee": "5000000000"}
{"blockNumber":127606330,"chainId":10,"poolAddress":"0xdaf28bedaef3a960188b69e3283d43a9ed76f57f"}	{"adminFee": "5000000000"}
{"blockNumber":131010818,"chainId":10,"poolAddress":"0x25b2bacf89b78c8d1815b500c02593a5d668ea51"}	{"adminFee": "5000000000"}
{"blockNumber":122771987,"chainId":10,"poolAddress":"0xb5981de575c7208e2f83be34a15831a29a0d0b2b"}	{"adminFee": "5000000000"}
{"blockNumber":122809810,"chainId":10,"poolAddress":"0x51eb2e963dd713a5863e548bb10c3af36c815eb7"}	{"adminFee": "5000000000"}
{"blockNumber":125892080,"chainId":10,"poolAddress":"0x8d99f70a5c58b98ce9285445359795885d826c80"}	{"adminFee": "5000000000"}
{"blockNumber":135098622,"chainId":10,"poolAddress":"0x15fda7ff07866f24d40054e44ef08a003a639fbb"}	{"adminFee": "5000000000"}
{"blockNumber":66658499,"chainId":43114,"poolAddress":"0xc6c77067d938a179602c369ea07dd67d5f7ab2bf"}	{"adminFee": "8000000000"}
{"blockNumber":67823332,"chainId":43114,"poolAddress":"0xbe318c80f70cc317587d9c77d8e72739bb758131"}	{"adminFee": "8000000000"}
{"blockNumber":68396367,"chainId":43114,"poolAddress":"0x80705814710310d6bb3c60c93c8cd21d0739e4f5"}	{"adminFee": "8000000000"}
{"blockNumber":67027746,"chainId":43114,"poolAddress":"0xa408da847d716d3ea76e71b0db3c1d3f3514b276"}	{"adminFee": "8000000000"}
{"blockNumber":68004869,"chainId":43114,"poolAddress":"0xbe33efefb9bc73b5ef1cd5c8bfd955e3bcb1aace"}	{"adminFee": "8000000000"}
{"blockNumber":68967176,"chainId":43114,"poolAddress":"0x99738f255c8aeea202ae780ff8e52c98396623bf"}	{"adminFee": "8000000000"}
{"blockNumber":52071222,"chainId":56,"poolAddress":"0x996f223df68e09caaa9a18d45b683fb91890e1ef"}	{"adminFee": "5000000000"}
{"blockNumber":53563389,"chainId":56,"poolAddress":"0xe8ea2f333bc769c36592404a9435ae9c7c37702f"}	{"adminFee": "8000000000"}
{"blockNumber":62584701,"chainId":56,"poolAddress":"0x1664c1fe5231aeb3ce423114dc67ce27ff0ca913"}	{"adminFee": "8000000000"}
{"blockNumber":65113705,"chainId":56,"poolAddress":"0x2c997a190c35e7cab5644f0b118c3c7f3680ee32"}	{"adminFee": "8000000000"}
{"blockNumber":69549673,"chainId":43114,"poolAddress":"0x2446171d04549a3875dabd99fceb3f2eea603229"}	{"adminFee": "8000000000"}
{"blockNumber":69304399,"chainId":43114,"poolAddress":"0xc9baebf125312cc9d2d17cc7518d09d463a151cf"}	{"adminFee": "8000000000"}
{"blockNumber":70827325,"chainId":43114,"poolAddress":"0xea4b62b31dc1b7fe1c8d8a683f46092059087966"}	{"adminFee": "8000000000"}
{"blockNumber":71179219,"chainId":43114,"poolAddress":"0x69e554ba642ae845642d94e4f09404434c2a8f77"}	{"adminFee": "8000000000"}
